id,EventID,MissionID,ExecutionID,ExecutionSequenceNumber,MissionSequenceNumber,OperationType,FieldMask,OperationStatus,MissionType,MissionName,MissionTimestamp,AgentID,ResourceID,StartTime,EndTime,Duration,OriginLocation,DestinationLocation,IsLocked,SchedulingType,ModifiedTime,EffectiveTime,ExpectedNextEventTime
1,660cf7b289f3707229219feb,f55c3cea-c6b0-5ed6-94f4-c6da195c006d,-,-,0,update,"endTime,duration,route",OperationInProgress,TruckLoad,Current Truck LOAD Mission for TRUCK-T583,04-03-2024 06:27,TRUCK-T583,ShovelAgent-SHOVEL-S11,04-03-2024 06:27,04-03-2024 06:30,00:03:19,LOCATION-C3MIL,LOCATION-B5900AM1,FALSE,-,04-03-2024 06:31,04-03-2024 06:31,04-04-2024 06:31
2,660cf7b289f3707229219fe8,fa71717a-b6bf-5c4c-911f-4e4eac1ec1d5,-,-,0,update,"endTime,duration,route",OperationInProgress,TruckLoad,Current Truck LOAD Mission for TRUCK-T581,04-03-2024 06:27,TRUCK-T581,ShovelAgent-SHOVEL-S11,04-03-2024 06:27,04-03-2024 06:30,00:03:19,LOCATION-AMMOPROJ,LOCATION-B5900AM1,FALSE,-,04-03-2024 06:31,04-03-2024 06:31,04-04-2024 06:31
3,660cf7b289f3707229219fe5,1e6d3c48-7da9-59f7-ae87-172484235fc9,-,-,0,update,"endTime,duration,route",OperationInProgress,TruckLoad,Current Truck LOAD Mission for TRUCK-T561,04-03-2024 06:27,TRUCK-T561,ShovelAgent-SHOVEL-S11,04-03-2024 06:27,04-03-2024 06:30,00:03:19,LOCATION-SUN5300L4,LOCATION-B5900AM1,FALSE,-,04-03-2024 06:31,04-03-2024 06:31,04-04-2024 06:31
4,660cf7b289f3707229219fdf,7f948189-86ce-51d7-a30d-fff2636731d3,-,-,0,update,"endTime,duration,route",OperationInProgress,TruckLoad,Current Truck LOAD Mission for TRUCK-T500,04-03-2024 06:26,TRUCK-T500,ShovelAgent-SHOVEL-S11,04-03-2024 06:26,04-03-2024 06:30,00:03:19,LOCATION-C3MIL,LOCATION-B5900AM1,FALSE,-,04-03-2024 06:31,04-03-2024 06:31,04-04-2024 06:31
5,660cf7b289f3707229219fe2,57e4edce-ce8f-528c-9426-2030c635dd51,-,-,0,update,"endTime,duration,route",OperationInProgress,TruckLoad,Current Truck LOAD Mission for TRUCK-T501,04-03-2024 06:27,TRUCK-T501,ShovelAgent-SHOVEL-S11,04-03-2024 06:27,04-03-2024 06:30,00:03:19,LOCATION-PCR6375E,LOCATION-B5900AM1,FALSE,-,04-03-2024 06:31,04-03-2024 06:31,04-04-2024 06:31
6,660cf7b389f370722921a042,20317889-9adf-5e7f-8b99-4c903152e138,-,-,0,update,"endTime,duration,route",OperationInProgress,TruckLoad,Current Truck LOAD Mission for TRUCK-T616,04-03-2024 06:27,TRUCK-T616,ShovelAgent-SHOVEL-S11,04-03-2024 06:27,04-03-2024 06:30,00:03:19,LOCATION-AMTPROJ,LOCATION-B5900AM1,FALSE,-,04-03-2024 06:31,04-03-2024 06:31,04-04-2024 06:31
7,660cf7b389f370722921a063,f0d37bf3-04d9-5e42-b2a1-2b7e0e904ec2,-,-,0,update,"endTime,duration,route",OperationInProgress,TruckLoad,Current Truck LOAD Mission for TRUCK-T604,04-03-2024 06:27,TRUCK-T604,ShovelAgent-SHOVEL-S11,04-03-2024 06:27,04-03-2024 06:30,00:03:19,LOCATION-PCR6375E,LOCATION-B5900AM1,FALSE,-,04-03-2024 06:31,04-03-2024 06:31,04-04-2024 06:31
8,660cf7b389f370722921a003,bc19e89d-328d-5a38-a7b4-518d4f184791,-,-,0,update,"endTime,duration,route",OperationInProgress,TruckLoad,Current Truck LOAD Mission for TRUCK-T645,04-03-2024 06:27,TRUCK-T645,ShovelAgent-SHOVEL-S11,04-03-2024 06:27,04-03-2024 06:30,00:03:19,LOCATION-C3MIL,LOCATION-B5900AM1,FALSE,-,04-03-2024 06:31,04-03-2024 06:31,04-04-2024 06:31
9,660cf7b389f3707229219ff4,4ea7817d-68df-5b79-90b0-9c20b0ef4e98,-,-,0,update,"endTime,duration,route",OperationInProgress,TruckLoad,Current Truck LOAD Mission for TRUCK-T651,04-03-2024 06:27,TRUCK-T651,ShovelAgent-SHOVEL-S11,04-03-2024 06:27,04-03-2024 06:30,00:03:19,LOCATION-AMTPROJ,LOCATION-B5900AM1,FALSE,-,04-03-2024 06:31,04-03-2024 06:31,04-04-2024 06:31
10,660cf7b389f370722921a039,76550b79-2089-578a-a81f-e8ee87c7e9ed,-,-,0,update,"endTime,duration,route",OperationInProgress,TruckLoad,Current Truck LOAD Mission for TRUCK-T622,04-03-2024 06:27,TRUCK-T622,ShovelAgent-SHOVEL-S11,04-03-2024 06:27,04-03-2024 06:30,00:03:19,LOCATION-PCR6375E,LOCATION-B5900AM1,FALSE,-,04-03-2024 06:31,04-03-2024 06:31,04-04-2024 06:31
11,660cf7b389f370722921a015,63fe8501-8f4e-5483-87b9-e8d7db8019b6,-,-,0,update,"endTime,duration,route",OperationInProgress,TruckLoad,Current Truck LOAD Mission for TRUCK-T638,04-03-2024 06:27,TRUCK-T638,ShovelAgent-SHOVEL-S11,04-03-2024 06:27,04-03-2024 06:30,00:03:19,LOCATION-AMTPROJ,LOCATION-B5900AM1,FALSE,-,04-03-2024 06:31,04-03-2024 06:31,04-04-2024 06:31
12,660cf7b389f370722921a066,0b84c2f4-f1ef-509c-a70b-5ced8367d506,-,-,0,update,"endTime,duration,route",OperationInProgress,TruckLoad,Current Truck LOAD Mission for TRUCK-T507,04-03-2024 06:27,TRUCK-T507,ShovelAgent-SHOVEL-S11,04-03-2024 06:27,04-03-2024 06:30,00:03:19,LOCATION-PCR6375E,LOCATION-B5900AM1,FALSE,-,04-03-2024 06:31,04-03-2024 06:31,04-04-2024 06:31
13,660cf7b289f3707229219fee,945a9e82-7bdd-564d-be47-afd1e2fb4b2c,-,-,0,update,"endTime,duration,route",OperationInProgress,TruckLoad,Current Truck LOAD Mission for TRUCK-T595,04-03-2024 06:27,TRUCK-T595,ShovelAgent-SHOVEL-S11,04-03-2024 06:27,04-03-2024 06:30,00:03:19,LOCATION-CUP6460L,LOCATION-B5900AM1,FALSE,-,04-03-2024 06:31,04-03-2024 06:31,04-04-2024 06:31
14,660cf7b389f370722921a024,e4a2c62d-afbc-5760-9899-9a9c9152263f,-,-,0,update,"endTime,duration,route",OperationInProgress,TruckLoad,Current Truck LOAD Mission for TRUCK-T630,04-03-2024 06:27,TRUCK-T630,ShovelAgent-SHOVEL-S11,04-03-2024 06:27,04-03-2024 06:30,00:03:19,LOCATION-CUP6460L,LOCATION-B5900AM1,FALSE,-,04-03-2024 06:31,04-03-2024 06:31,04-04-2024 06:31
15,660cf7b389f370722921a069,ea0fd739-f61d-5557-9612-3b669829b9fd,-,-,0,update,"endTime,duration,route",OperationInProgress,TruckLoad,Current Truck LOAD Mission for TRUCK-T602,04-03-2024 06:27,TRUCK-T602,ShovelAgent-SHOVEL-S11,04-03-2024 06:27,04-03-2024 06:30,00:03:19,LOCATION-PCR6375E,LOCATION-B5900AM1,FALSE,-,04-03-2024 06:31,04-03-2024 06:31,04-04-2024 06:31
16,660cf7b389f3707229219ffd,720e3866-c975-5404-8652-b9d1d24e0863,-,-,0,update,"endTime,duration,route",OperationInProgress,TruckLoad,Current Truck LOAD Mission for TRUCK-T648,04-03-2024 06:27,TRUCK-T648,ShovelAgent-SHOVEL-S11,04-03-2024 06:27,04-03-2024 06:30,00:03:19,LOCATION-PCR6375E,LOCATION-B5900AM1,FALSE,-,04-03-2024 06:31,04-03-2024 06:31,04-04-2024 06:31
17,660cf7b389f3707229219ff1,4f4d94c7-b423-593c-8e87-c00b3d1d0cc6,-,-,0,update,"endTime,duration,route",OperationInProgress,TruckLoad,Current Truck LOAD Mission for TRUCK-T559,04-03-2024 06:27,TRUCK-T559,ShovelAgent-SHOVEL-L59,04-03-2024 06:27,04-03-2024 06:29,00:02:00,LOCATION-CUP6460L,LOCATION-859-MILL,FALSE,-,04-03-2024 06:31,04-03-2024 06:31,04-04-2024 06:31
18,660cf7b389f370722921a057,405b845b-7e6f-5e17-882b-d8175ef02e9e,-,-,0,update,"endTime,duration,route",OperationInProgress,TruckLoad,Current Truck LOAD Mission for TRUCK-T608,04-03-2024 06:27,TRUCK-T608,ShovelAgent-SHOVEL-S11,04-03-2024 06:27,04-03-2024 06:30,00:03:19,LOCATION-PCR6375E,LOCATION-B5900AM1,FALSE,-,04-03-2024 06:31,04-03-2024 06:31,04-04-2024 06:31
19,660cf7b389f370722921a05a,880217a6-4eac-58ee-aa44-0b04852c661e,-,-,0,update,"endTime,duration,route",OperationInProgress,TruckLoad,Current Truck LOAD Mission for TRUCK-T607,04-03-2024 06:27,TRUCK-T607,ShovelAgent-SHOVEL-S11,04-03-2024 06:27,04-03-2024 06:30,00:03:19,LOCATION-HSC5300H,LOCATION-B5900AM1,FALSE,-,04-03-2024 06:31,04-03-2024 06:31,04-04-2024 06:31
20,660cf7b389f370722921a009,a631a915-bfd3-5ef1-b708-5012ee88e121,-,-,0,update,"endTime,duration,route",OperationInProgress,TruckLoad,Current Truck LOAD Mission for TRUCK-T642,04-03-2024 06:27,TRUCK-T642,ShovelAgent-SHOVEL-S11,04-03-2024 06:27,04-03-2024 06:30,00:03:19,LOCATION-C3MIL,LOCATION-B5900AM1,FALSE,-,04-03-2024 06:31,04-03-2024 06:31,04-04-2024 06:31
21,660cf7b389f370722921a060,146e49be-dadd-5d2d-966e-6bcd0a506b51,-,-,0,update,"endTime,duration,route",OperationInProgress,TruckLoad,Current Truck LOAD Mission for TRUCK-T605,04-03-2024 06:27,TRUCK-T605,ShovelAgent-SHOVEL-S11,04-03-2024 06:27,04-03-2024 06:30,00:03:19,LOCATION-SLV5040H,LOCATION-B5900AM1,FALSE,-,04-03-2024 06:31,04-03-2024 06:31,04-04-2024 06:31
22,660cf7b389f370722921a01e,eabee928-59e4-5923-a22d-6906be4e862b,-,-,0,update,"endTime,duration,route",OperationInProgress,TruckLoad,Current Truck LOAD Mission for TRUCK-T635,04-03-2024 06:27,TRUCK-T635,ShovelAgent-SHOVEL-S11,04-03-2024 06:27,04-03-2024 06:30,00:03:19,LOCATION-HSC5300H,LOCATION-B5900AM1,FALSE,-,04-03-2024 06:31,04-03-2024 06:31,04-04-2024 06:31
23,660cf7b389f370722921a000,dfbc6a34-37c1-58cd-a381-d8e78c587c5c,-,-,0,update,"endTime,duration,route",OperationInProgress,TruckLoad,Current Truck LOAD Mission for TRUCK-T808,04-03-2024 06:27,TRUCK-T808,ShovelAgent-SHOVEL-S11,04-03-2024 06:27,04-03-2024 06:30,00:03:19,LOCATION-PCR6375E,LOCATION-B5900AM1,FALSE,-,04-03-2024 06:31,04-03-2024 06:31,04-04-2024 06:31
24,660cf7b389f370722921a03c,255f67a2-c469-503a-8166-d736dd95c6e0,-,-,0,update,"endTime,duration,route",OperationInProgress,TruckLoad,Current Truck LOAD Mission for TRUCK-T619,04-03-2024 06:27,TRUCK-T619,ShovelAgent-SHOVEL-S11,04-03-2024 06:27,04-03-2024 06:30,00:03:19,LOCATION-C3MIL,LOCATION-B5900AM1,FALSE,-,04-03-2024 06:31,04-03-2024 06:31,04-04-2024 06:31
25,660cf7b389f370722921a01b,877a0442-42c7-5ee4-beab-fda93cebfdac,-,-,0,update,"endTime,duration,route",OperationInProgress,TruckLoad,Current Truck LOAD Mission for TRUCK-T636,04-03-2024 06:27,TRUCK-T636,ShovelAgent-SHOVEL-S11,04-03-2024 06:27,04-03-2024 06:30,00:03:19,LOCATION-AMTPROJ,LOCATION-B5900AM1,FALSE,-,04-03-2024 06:31,04-03-2024 06:31,04-04-2024 06:31
26,660cf7b389f370722921a021,6124f1f1-cb39-5869-a939-bc112c38c169,-,-,0,update,"endTime,duration,route",OperationInProgress,TruckLoad,Current Truck LOAD Mission for TRUCK-T633,04-03-2024 06:27,TRUCK-T633,ShovelAgent-SHOVEL-S11,04-03-2024 06:27,04-03-2024 06:30,00:03:19,LOCATION-PCR6375E,LOCATION-B5900AM1,FALSE,-,04-03-2024 06:31,04-03-2024 06:31,04-04-2024 06:31
27,660cf7b389f370722921a036,af3b817a-7c25-5877-87e3-83bed52efe64,-,-,0,update,"endTime,duration,route",OperationInProgress,TruckLoad,Current Truck LOAD Mission for TRUCK-T623,04-03-2024 06:27,TRUCK-T623,ShovelAgent-SHOVEL-S11,04-03-2024 06:27,04-03-2024 06:30,00:03:19,LOCATION-SUN5300L4,LOCATION-B5900AM1,FALSE,-,04-03-2024 06:31,04-03-2024 06:31,04-04-2024 06:31
28,660cf7b389f370722921a027,c2870a90-a10a-57e4-8d20-a53592dd19be,-,-,0,update,"endTime,duration,route",OperationInProgress,TruckLoad,Current Truck LOAD Mission for TRUCK-T628,04-03-2024 06:27,TRUCK-T628,ShovelAgent-SHOVEL-S11,04-03-2024 06:27,04-03-2024 06:30,00:03:19,LOCATION-PCR6375E,LOCATION-B5900AM1,FALSE,-,04-03-2024 06:31,04-03-2024 06:31,04-04-2024 06:31
29,660cf7b389f370722921a04b,5a2d0843-6c0b-5ea0-a9a0-1644d1ed1c13,-,-,0,update,"endTime,duration,route",OperationInProgress,TruckLoad,Current Truck LOAD Mission for TRUCK-T613,04-03-2024 06:27,TRUCK-T613,ShovelAgent-SHOVEL-S11,04-03-2024 06:27,04-03-2024 06:30,00:03:19,LOCATION-C3MIL,LOCATION-B5900AM1,FALSE,-,04-03-2024 06:31,04-03-2024 06:31,04-04-2024 06:31
30,660cf7b389f370722921a00c,4e840bbf-42da-507e-a030-d35740be124d,-,-,0,update,"endTime,duration,route",OperationInProgress,TruckLoad,Current Truck LOAD Mission for TRUCK-T641,04-03-2024 06:27,TRUCK-T641,ShovelAgent-SHOVEL-S11,04-03-2024 06:27,04-03-2024 06:30,00:03:19,LOCATION-C3MIL,LOCATION-B5900AM1,FALSE,-,04-03-2024 06:31,04-03-2024 06:31,04-04-2024 06:31
31,660cf7b389f370722921a045,741577d0-2f97-5128-8ace-2dbe572bb068,-,-,0,update,"endTime,duration,route",OperationInProgress,TruckLoad,Current Truck LOAD Mission for TRUCK-T615,04-03-2024 06:27,TRUCK-T615,ShovelAgent-SHOVEL-S11,04-03-2024 06:27,04-03-2024 06:30,00:03:19,LOCATION-SUN5300L4,LOCATION-B5900AM1,FALSE,-,04-03-2024 06:31,04-03-2024 06:31,04-04-2024 06:31
32,660cf7b389f370722921a02a,2135478d-cebc-56d5-8094-7a96b7b80831,-,-,0,update,"endTime,duration,route",OperationInProgress,TruckLoad,Current Truck LOAD Mission for TRUCK-T627,04-03-2024 06:27,TRUCK-T627,ShovelAgent-SHOVEL-S11,04-03-2024 06:27,04-03-2024 06:30,00:03:19,LOCATION-CUP6460L,LOCATION-B5900AM1,FALSE,-,04-03-2024 06:31,04-03-2024 06:31,04-04-2024 06:31
33,660cf7b389f370722921a051,1447c9ff-fd04-5cc3-8dde-47b7c675fa46,-,-,0,update,"endTime,duration,route",OperationInProgress,TruckLoad,Current Truck LOAD Mission for TRUCK-T611,04-03-2024 06:27,TRUCK-T611,ShovelAgent-SHOVEL-S11,04-03-2024 06:27,04-03-2024 06:30,00:03:19,LOCATION-PCR6375E,LOCATION-B5900AM1,FALSE,-,04-03-2024 06:31,04-03-2024 06:31,04-04-2024 06:31
34,660cf7b389f370722921a018,a9250f72-a94a-5d00-8a16-58ea9817282f,-,-,0,update,"endTime,duration,route",OperationInProgress,TruckLoad,Current Truck LOAD Mission for TRUCK-T637,04-03-2024 06:27,TRUCK-T637,ShovelAgent-SHOVEL-S11,04-03-2024 06:27,04-03-2024 06:30,00:03:19,LOCATION-859-MILL,LOCATION-B5900AM1,FALSE,-,04-03-2024 06:31,04-03-2024 06:31,04-04-2024 06:31
35,660cf7b389f370722921a06f,70a95808-1c3f-5aa5-85c1-f62ccf40abdb,-,-,0,update,"endTime,duration,route",OperationInProgress,TruckLoad,Current Truck LOAD Mission for TRUCK-T600,04-03-2024 06:27,TRUCK-T600,ShovelAgent-SHOVEL-S11,04-03-2024 06:27,04-03-2024 06:30,00:03:19,LOCATION-PCR6375E,LOCATION-B5900AM1,FALSE,-,04-03-2024 06:31,04-03-2024 06:31,04-04-2024 06:31
36,660cf7b389f3707229219ffa,a4680413-7923-55a1-9da9-93498de4635d,-,-,0,update,"endTime,duration,route",OperationInProgress,TruckLoad,Current Truck LOAD Mission for TRUCK-T649,04-03-2024 06:27,TRUCK-T649,ShovelAgent-SHOVEL-S11,04-03-2024 06:27,04-03-2024 06:30,00:03:19,LOCATION-859-MILL,LOCATION-B5900AM1,FALSE,-,04-03-2024 06:31,04-03-2024 06:31,04-04-2024 06:31
37,660cf7b389f370722921a033,269fafe1-a57e-5923-beab-f745f2b03667,-,-,0,update,"endTime,duration,route",OperationInProgress,TruckLoad,Current Truck LOAD Mission for TRUCK-T624,04-03-2024 06:27,TRUCK-T624,ShovelAgent-SHOVEL-S11,04-03-2024 06:27,04-03-2024 06:30,00:03:19,LOCATION-SUN5300L4,LOCATION-B5900AM1,FALSE,-,04-03-2024 06:31,04-03-2024 06:31,04-04-2024 06:31
38,660cf7b389f370722921a06c,f196d913-7817-5f28-8a6e-07b7a38e889c,-,-,0,update,"endTime,duration,route",OperationInProgress,TruckLoad,Current Truck LOAD Mission for TRUCK-T601,04-03-2024 06:27,TRUCK-T601,ShovelAgent-SHOVEL-S11,04-03-2024 06:27,04-03-2024 06:30,00:03:19,LOCATION-C2MFL,LOCATION-B5900AM1,FALSE,-,04-03-2024 06:31,04-03-2024 06:31,04-04-2024 06:31
39,660cf7b389f370722921a030,766b054a-d7b8-55ac-8f6d-e3060679f953,-,-,0,update,"endTime,duration,route",OperationInProgress,TruckLoad,Current Truck LOAD Mission for TRUCK-T625,04-03-2024 06:27,TRUCK-T625,ShovelAgent-SHOVEL-S11,04-03-2024 06:27,04-03-2024 06:30,00:03:19,LOCATION-PCR6375E,LOCATION-B5900AM1,FALSE,-,04-03-2024 06:31,04-03-2024 06:31,04-04-2024 06:31
40,660cf7b389f370722921a006,09f76735-a3dc-56f3-89fc-3e11a02b1d4f,-,-,0,update,"endTime,duration,route",OperationInProgress,TruckLoad,Current Truck LOAD Mission for TRUCK-T643,04-03-2024 06:27,TRUCK-T643,ShovelAgent-SHOVEL-S11,04-03-2024 06:27,04-03-2024 06:30,00:03:19,LOCATION-SUN5300L4,LOCATION-B5900AM1,FALSE,-,04-03-2024 06:31,04-03-2024 06:31,04-04-2024 06:31
41,660cf7b389f370722921a04e,8d2de59b-4a12-5504-8ee5-0796246cf376,-,-,0,update,"endTime,duration,route",OperationInProgress,TruckLoad,Current Truck LOAD Mission for TRUCK-T612,04-03-2024 06:27,TRUCK-T612,ShovelAgent-SHOVEL-S11,04-03-2024 06:27,04-03-2024 06:30,00:03:19,LOCATION-CUP6460L,LOCATION-B5900AM1,FALSE,-,04-03-2024 06:31,04-03-2024 06:31,04-04-2024 06:31
42,660cf7b389f370722921a05d,fb81cb42-d5b6-5ffe-92c8-2465430448a5,-,-,0,update,"endTime,duration,route",OperationInProgress,TruckLoad,Current Truck LOAD Mission for TRUCK-T606,04-03-2024 06:27,TRUCK-T606,ShovelAgent-SHOVEL-S11,04-03-2024 06:27,04-03-2024 06:30,00:03:19,LOCATION-859-MILL,LOCATION-B5900AM1,FALSE,-,04-03-2024 06:31,04-03-2024 06:31,04-04-2024 06:31
43,660cf7b389f370722921a012,cb9ad6c5-992c-54ac-92d0-ccaabeda5a8f,-,-,0,update,"endTime,duration,route",OperationInProgress,TruckLoad,Current Truck LOAD Mission for TRUCK-T639,04-03-2024 06:27,TRUCK-T639,ShovelAgent-SHOVEL-S11,04-03-2024 06:27,04-03-2024 06:30,00:03:19,LOCATION-CUP6460L,LOCATION-B5900AM1,FALSE,-,04-03-2024 06:31,04-03-2024 06:31,04-04-2024 06:31
44,660cf7b389f370722921a054,87a3beca-c307-519c-a1f5-201818635ede,-,-,0,update,"endTime,duration,route",OperationInProgress,TruckLoad,Current Truck LOAD Mission for TRUCK-T609,04-03-2024 06:27,TRUCK-T609,ShovelAgent-SHOVEL-S11,04-03-2024 06:27,04-03-2024 06:30,00:03:19,LOCATION-C3MIL,LOCATION-B5900AM1,FALSE,-,04-03-2024 06:31,04-03-2024 06:31,04-04-2024 06:31
45,660cf7b389f370722921a048,ceb31795-3e35-5f7a-87c7-e6c1c306d437,-,-,0,update,"endTime,duration,route",OperationInProgress,TruckLoad,Current Truck LOAD Mission for TRUCK-T614,04-03-2024 06:27,TRUCK-T614,ShovelAgent-SHOVEL-S11,04-03-2024 06:27,04-03-2024 06:30,00:03:19,LOCATION-PCR6375E,LOCATION-B5900AM1,FALSE,-,04-03-2024 06:31,04-03-2024 06:31,04-04-2024 06:31
46,660cf7b389f370722921a03f,d13b1a1a-6e74-5506-af2e-6e96908444ab,-,-,0,update,"endTime,duration,route",OperationInProgress,TruckLoad,Current Truck LOAD Mission for TRUCK-T618,04-03-2024 06:27,TRUCK-T618,ShovelAgent-SHOVEL-S11,04-03-2024 06:27,04-03-2024 06:30,00:03:19,LOCATION-C3MIL,LOCATION-B5900AM1,FALSE,-,04-03-2024 06:31,04-03-2024 06:31,04-04-2024 06:31
47,660cf7b389f370722921a00f,10a34a16-e2a9-5340-b0bc-317a48f875bb,-,-,0,update,"endTime,duration,route",OperationInProgress,TruckLoad,Current Truck LOAD Mission for TRUCK-T640,04-03-2024 06:27,TRUCK-T640,ShovelAgent-SHOVEL-S11,04-03-2024 06:27,04-03-2024 06:30,00:03:19,LOCATION-CUP6460L,LOCATION-B5900AM1,FALSE,-,04-03-2024 06:31,04-03-2024 06:31,04-04-2024 06:31
48,660cf7b389f370722921a02d,6e776231-cb3b-5462-b848-46b1a84c341b,-,-,0,update,"endTime,duration,route",OperationInProgress,TruckLoad,Current Truck LOAD Mission for TRUCK-T626,04-03-2024 06:27,TRUCK-T626,ShovelAgent-SHOVEL-S11,04-03-2024 06:27,04-03-2024 06:30,00:03:19,LOCATION-PCR6375E,LOCATION-B5900AM1,FALSE,-,04-03-2024 06:31,04-03-2024 06:31,04-04-2024 06:31
49,660cf7b389f3707229219ff7,7f680042-84f1-56c8-a652-fc86f7842a6b,-,-,0,update,"endTime,duration,route",OperationInProgress,TruckLoad,Current Truck LOAD Mission for TRUCK-T650,04-03-2024 06:27,TRUCK-T650,ShovelAgent-SHOVEL-S11,04-03-2024 06:27,04-03-2024 06:30,00:03:19,LOCATION-PCR6375E,LOCATION-B5900AM1,FALSE,-,04-03-2024 06:31,04-03-2024 06:31,04-04-2024 06:31
50,660cf7b489f370722921a08a,dadfb90a-a475-5dac-8c02-cb722079a49d,-,-,0,update,"endTime,duration,route",OperationInProgress,TruckLoad,Current Truck LOAD Mission for TRUCK-T590,04-03-2024 06:27,TRUCK-T590,ShovelAgent-SHOVEL-S11,04-03-2024 06:27,04-03-2024 06:30,00:03:19,LOCATION-PCR6375E,LOCATION-B5900AM1,FALSE,-,04-03-2024 06:31,04-03-2024 06:31,04-04-2024 06:31
51,660cf7b489f370722921a0ab,17616fd9-e84a-5ce7-85e0-fd08c3aa26c9,-,-,0,update,"endTime,duration,route",OperationInProgress,TruckLoad,Current Truck LOAD Mission for TRUCK-T577,04-03-2024 06:27,TRUCK-T577,ShovelAgent-SHOVEL-S11,04-03-2024 06:27,04-03-2024 06:30,00:03:19,LOCATION-C3MIL,LOCATION-B5900AM1,FALSE,-,04-03-2024 06:31,04-03-2024 06:31,04-04-2024 06:31
52,660cf7b489f370722921a078,737458df-fc4c-501f-a9d7-d95f64ddaaff,-,-,0,update,"endTime,duration,route",OperationInProgress,TruckLoad,Current Truck LOAD Mission for TRUCK-T597,04-03-2024 06:27,TRUCK-T597,ShovelAgent-SHOVEL-S11,04-03-2024 06:27,04-03-2024 06:30,00:03:19,LOCATION-HSC5300H,LOCATION-B5900AM1,FALSE,-,04-03-2024 06:31,04-03-2024 06:31,04-04-2024 06:31
53,660cf7b489f370722921a0c6,7684546c-62b0-5774-9676-1e17ac9ce163,-,-,0,update,"endTime,duration,route",OperationInProgress,TruckLoad,Current Truck LOAD Mission for TRUCK-T568,04-03-2024 06:27,TRUCK-T568,ShovelAgent-SHOVEL-S11,04-03-2024 06:27,04-03-2024 06:30,00:03:19,LOCATION-SUN5300L4,LOCATION-B5900AM1,FALSE,-,04-03-2024 06:31,04-03-2024 06:31,04-04-2024 06:31
54,660cf7b489f370722921a0fc,d61ef517-a0b2-58ec-8385-2e929e86e9dc,-,-,0,update,"endTime,duration,route",OperationInProgress,TruckLoad,Current Truck LOAD Mission for TRUCK-T546,04-03-2024 06:27,TRUCK-T546,ShovelAgent-SHOVEL-S11,04-03-2024 06:27,04-03-2024 06:30,00:03:19,LOCATION-AMTPROJ,LOCATION-B5900AM1,FALSE,-,04-03-2024 06:31,04-03-2024 06:31,04-04-2024 06:31
55,660cf7b489f370722921a087,1b86cf6e-53f7-57b2-b9fd-792c348ea7e1,-,-,0,update,"endTime,duration,route",OperationInProgress,TruckLoad,Current Truck LOAD Mission for TRUCK-T591,04-03-2024 06:27,TRUCK-T591,ShovelAgent-SHOVEL-S11,04-03-2024 06:27,04-03-2024 06:30,00:03:19,LOCATION-SLV5040H,LOCATION-B5900AM1,FALSE,-,04-03-2024 06:31,04-03-2024 06:31,04-04-2024 06:31
56,660cf7b489f370722921a081,6565c909-bfb6-5409-84be-9548044e24bb,-,-,0,update,"endTime,duration,route",OperationInProgress,TruckLoad,Current Truck LOAD Mission for TRUCK-T594,04-03-2024 06:27,TRUCK-T594,ShovelAgent-SHOVEL-S11,04-03-2024 06:27,04-03-2024 06:30,00:03:19,LOCATION-859-MILL,LOCATION-B5900AM1,FALSE,-,04-03-2024 06:31,04-03-2024 06:31,04-04-2024 06:31
57,660cf7b489f370722921a0d8,a9de893a-555d-5506-adf1-0be1c21013a5,-,-,0,update,"endTime,duration,route",OperationInProgress,TruckLoad,Current Truck LOAD Mission for TRUCK-T562,04-03-2024 06:27,TRUCK-T562,ShovelAgent-SHOVEL-S11,04-03-2024 06:27,04-03-2024 06:30,00:03:19,LOCATION-C3MIL,LOCATION-B5900AM1,FALSE,-,04-03-2024 06:31,04-03-2024 06:31,04-04-2024 06:31
58,660cf7b489f370722921a0e1,0b0c5fb1-cf08-5aaa-b6da-63cadce5748e,-,-,0,update,"endTime,duration,route",OperationInProgress,TruckLoad,Current Truck LOAD Mission for TRUCK-T516,04-03-2024 06:27,TRUCK-T516,ShovelAgent-SHOVEL-S11,04-03-2024 06:27,04-03-2024 06:30,00:03:19,LOCATION-SUN5300L4,LOCATION-B5900AM1,FALSE,-,04-03-2024 06:31,04-03-2024 06:31,04-04-2024 06:31
59,660cf7b489f370722921a084,32c4e1d6-5c64-5c5d-93db-b06afaef745e,-,-,0,update,"endTime,duration,route",OperationInProgress,TruckLoad,Current Truck LOAD Mission for TRUCK-T593,04-03-2024 06:27,TRUCK-T593,ShovelAgent-SHOVEL-S11,04-03-2024 06:27,04-03-2024 06:30,00:03:19,LOCATION-PCR6375E,LOCATION-B5900AM1,FALSE,-,04-03-2024 06:31,04-03-2024 06:31,04-04-2024 06:31
60,660cf7b489f370722921a0f0,3d9ae040-4672-5a0a-bd61-5efac06e2c57,-,-,0,update,"endTime,duration,route",OperationInProgress,TruckLoad,Current Truck LOAD Mission for TRUCK-T554,04-03-2024 06:27,TRUCK-T554,ShovelAgent-SHOVEL-S11,04-03-2024 06:27,04-03-2024 06:30,00:03:19,LOCATION-AMTPROJ,LOCATION-B5900AM1,FALSE,-,04-03-2024 06:31,04-03-2024 06:31,04-04-2024 06:31
61,660cf7b489f370722921a0db,ab2d7122-81d5-51fa-8a7e-a529ed9bf616,-,-,0,update,"endTime,duration,route",OperationInProgress,TruckLoad,Current Truck LOAD Mission for TRUCK-T517,04-03-2024 06:27,TRUCK-T517,ShovelAgent-SHOVEL-S11,04-03-2024 06:27,04-03-2024 06:30,00:03:19,LOCATION-AMTPROJ,LOCATION-B5900AM1,FALSE,-,04-03-2024 06:31,04-03-2024 06:31,04-04-2024 06:31
62,660cf7b489f370722921a0c3,354b5cca-2131-5429-a4d7-7bc452dca070,-,-,0,update,"endTime,duration,route",OperationInProgress,TruckLoad,Current Truck LOAD Mission for TRUCK-T569,04-03-2024 06:27,TRUCK-T569,ShovelAgent-SHOVEL-S11,04-03-2024 06:27,04-03-2024 06:30,00:03:19,LOCATION-PCR6375E,LOCATION-B5900AM1,FALSE,-,04-03-2024 06:31,04-03-2024 06:31,04-04-2024 06:31
63,660cf7b489f370722921a0ae,dfdc3873-7b8a-5624-be2b-949901c03f57,-,-,0,update,"endTime,duration,route",OperationInProgress,TruckLoad,Current Truck LOAD Mission for TRUCK-T576,04-03-2024 06:27,TRUCK-T576,ShovelAgent-SHOVEL-S11,04-03-2024 06:27,04-03-2024 06:30,00:03:19,LOCATION-HSC5300H,LOCATION-B5900AM1,FALSE,-,04-03-2024 06:31,04-03-2024 06:31,04-04-2024 06:31
64,660cf7b489f370722921a0f6,9ebde425-9e6c-570f-9220-80a4c35dca6a,-,-,0,update,"endTime,duration,route",OperationInProgress,TruckLoad,Current Truck LOAD Mission for TRUCK-T529,04-03-2024 06:27,TRUCK-T529,ShovelAgent-SHOVEL-S11,04-03-2024 06:27,04-03-2024 06:30,00:03:19,LOCATION-AMTPROJ,LOCATION-B5900AM1,FALSE,-,04-03-2024 06:31,04-03-2024 06:31,04-04-2024 06:31
65,660cf7b489f370722921a08d,dea3cbe5-4a61-508c-8e6a-6e1bc55cbab8,-,-,0,update,"endTime,duration,route",OperationInProgress,TruckLoad,Current Truck LOAD Mission for TRUCK-T589,04-03-2024 06:27,TRUCK-T589,ShovelAgent-SHOVEL-S11,04-03-2024 06:27,04-03-2024 06:30,00:03:19,LOCATION-SLV5040H,LOCATION-B5900AM1,FALSE,-,04-03-2024 06:31,04-03-2024 06:31,04-04-2024 06:31
66,660cf7b489f370722921a07b,aa5854b4-aef7-559f-9636-47956bf4412b,-,-,0,update,"endTime,duration,route",OperationInProgress,TruckLoad,Current Truck LOAD Mission for TRUCK-T596,04-03-2024 06:27,TRUCK-T596,ShovelAgent-SHOVEL-S11,04-03-2024 06:27,04-03-2024 06:30,00:03:19,LOCATION-PCR6375E,LOCATION-B5900AM1,FALSE,-,04-03-2024 06:31,04-03-2024 06:31,04-04-2024 06:31
67,660cf7b489f370722921a0a8,d0f0c92e-f6fd-5f03-a888-d851aabe2d56,-,-,0,update,"endTime,duration,route",OperationInProgress,TruckLoad,Current Truck LOAD Mission for TRUCK-T578,04-03-2024 06:27,TRUCK-T578,ShovelAgent-SHOVEL-S11,04-03-2024 06:27,04-03-2024 06:30,00:03:19,LOCATION-SLV5040H,LOCATION-B5900AM1,FALSE,-,04-03-2024 06:31,04-03-2024 06:31,04-04-2024 06:31
68,660cf7b489f370722921a0e7,52aaa3e5-57d8-550f-ac6b-66a9593aee98,-,-,0,update,"endTime,duration,route",OperationInProgress,TruckLoad,Current Truck LOAD Mission for TRUCK-T557,04-03-2024 06:27,TRUCK-T557,ShovelAgent-SHOVEL-S11,04-03-2024 06:27,04-03-2024 06:30,00:03:19,LOCATION-AMTPROJ,LOCATION-B5900AM1,FALSE,-,04-03-2024 06:31,04-03-2024 06:31,04-04-2024 06:31
69,660cf7b489f370722921a0a5,597ef346-bff4-511b-838f-c1c7ad74ba1f,-,-,0,update,"endTime,duration,route",OperationInProgress,TruckLoad,Current Truck LOAD Mission for TRUCK-T579,04-03-2024 06:27,TRUCK-T579,ShovelAgent-SHOVEL-S11,04-03-2024 06:27,04-03-2024 06:30,00:03:19,LOCATION-HSC5300H,LOCATION-B5900AM1,FALSE,-,04-03-2024 06:31,04-03-2024 06:31,04-04-2024 06:31
70,660cf7b489f370722921a09f,8aa94cd8-809f-5a14-b7d1-defc95042386,-,-,0,update,"endTime,duration,route",OperationInProgress,TruckLoad,Current Truck LOAD Mission for TRUCK-T523,04-03-2024 06:27,TRUCK-T523,ShovelAgent-SHOVEL-S11,04-03-2024 06:27,04-03-2024 06:30,00:03:19,LOCATION-HSC5300H,LOCATION-B5900AM1,FALSE,-,04-03-2024 06:31,04-03-2024 06:31,04-04-2024 06:31
71,660cf7b489f370722921a0de,95681516-2dbd-5980-bdd0-a25e3d354ef6,-,-,0,update,"endTime,duration,route",OperationInProgress,TruckLoad,Current Truck LOAD Mission for TRUCK-T560,04-03-2024 06:27,TRUCK-T560,ShovelAgent-SHOVEL-S11,04-03-2024 06:27,04-03-2024 06:30,00:03:19,LOCATION-PCR6375E,LOCATION-B5900AM1,FALSE,-,04-03-2024 06:31,04-03-2024 06:31,04-04-2024 06:31
72,660cf7b489f370722921a0c9,71bddc08-2f82-56cd-835a-025f155280ad,-,-,0,update,"endTime,duration,route",OperationInProgress,TruckLoad,Current Truck LOAD Mission for TRUCK-T567,04-03-2024 06:27,TRUCK-T567,ShovelAgent-SHOVEL-S11,04-03-2024 06:27,04-03-2024 06:30,00:03:19,LOCATION-CUP6460L,LOCATION-B5900AM1,FALSE,-,04-03-2024 06:31,04-03-2024 06:31,04-04-2024 06:31
73,660cf7b389f370722921a072,c397bb1a-20d0-5faf-9036-6125cb022716,-,-,0,update,"endTime,duration,route",OperationInProgress,TruckLoad,Current Truck LOAD Mission for TRUCK-T599,04-03-2024 06:27,TRUCK-T599,ShovelAgent-SHOVEL-S11,04-03-2024 06:27,04-03-2024 06:30,00:03:19,LOCATION-PCR6375E,LOCATION-B5900AM1,FALSE,-,04-03-2024 06:31,04-03-2024 06:31,04-04-2024 06:31
74,660cf7b489f370722921a096,792c9ae9-e933-5fa6-ac3d-9bfdd8580d94,-,-,0,update,"endTime,duration,route",OperationInProgress,TruckLoad,Current Truck LOAD Mission for TRUCK-T586,04-03-2024 06:27,TRUCK-T586,ShovelAgent-SHOVEL-S11,04-03-2024 06:27,04-03-2024 06:30,00:03:19,LOCATION-PCR6375E,LOCATION-B5900AM1,FALSE,-,04-03-2024 06:31,04-03-2024 06:31,04-04-2024 06:31
75,660cf7b489f370722921a0b1,4f16a090-ffbf-50ed-9dcc-75b48b314608,-,-,0,update,"endTime,duration,route",OperationInProgress,TruckLoad,Current Truck LOAD Mission for TRUCK-T575,04-03-2024 06:27,TRUCK-T575,ShovelAgent-SHOVEL-S11,04-03-2024 06:27,04-03-2024 06:30,00:03:19,LOCATION-PCR6375E,LOCATION-B5900AM1,FALSE,-,04-03-2024 06:31,04-03-2024 06:31,04-04-2024 06:31
76,660cf7b489f370722921a07e,f1adab4d-a1ed-56ba-a699-849ba855c642,-,-,0,update,"endTime,duration,route",OperationInProgress,TruckLoad,Current Truck LOAD Mission for TRUCK-T526,04-03-2024 06:27,TRUCK-T526,ShovelAgent-SHOVEL-S11,04-03-2024 06:27,04-03-2024 06:30,00:03:19,LOCATION-PCR6375E,LOCATION-B5900AM1,FALSE,-,04-03-2024 06:31,04-03-2024 06:31,04-04-2024 06:31
77,660cf7b489f370722921a0cf,4e450655-cfee-5d43-985d-766e8e656ef2,-,-,0,update,"endTime,duration,route",OperationInProgress,TruckLoad,Current Truck LOAD Mission for TRUCK-T565,04-03-2024 06:27,TRUCK-T565,ShovelAgent-SHOVEL-S11,04-03-2024 06:27,04-03-2024 06:30,00:03:19,LOCATION-SUN5300L4,LOCATION-B5900AM1,FALSE,-,04-03-2024 06:31,04-03-2024 06:31,04-04-2024 06:31
78,660cf7b489f370722921a0ed,b8ade468-44f5-5572-b4c8-72ea8d26f7a9,-,-,0,update,"endTime,duration,route",OperationInProgress,TruckLoad,Current Truck LOAD Mission for TRUCK-T555,04-03-2024 06:27,TRUCK-T555,ShovelAgent-SHOVEL-S11,04-03-2024 06:27,04-03-2024 06:30,00:03:19,LOCATION-SLV5040H,LOCATION-B5900AM1,FALSE,-,04-03-2024 06:31,04-03-2024 06:31,04-04-2024 06:31
79,660cf7b489f370722921a0ea,985b0332-41d3-53da-a527-01d681f5ca84,-,-,0,update,"endTime,duration,route",OperationInProgress,TruckLoad,Current Truck LOAD Mission for TRUCK-T556,04-03-2024 06:27,TRUCK-T556,ShovelAgent-SHOVEL-S11,04-03-2024 06:27,04-03-2024 06:30,00:03:19,LOCATION-SLV5040H,LOCATION-B5900AM1,FALSE,-,04-03-2024 06:31,04-03-2024 06:31,04-04-2024 06:31
80,660cf7b489f370722921a0b7,00e91aea-e57a-5cb2-b50b-790a00443ec0,-,-,0,update,"endTime,duration,route",OperationInProgress,TruckLoad,Current Truck LOAD Mission for TRUCK-T573,04-03-2024 06:27,TRUCK-T573,ShovelAgent-SHOVEL-S11,04-03-2024 06:27,04-03-2024 06:30,00:03:19,LOCATION-AMMOPROJ,LOCATION-B5900AM1,FALSE,-,04-03-2024 06:31,04-03-2024 06:31,04-04-2024 06:31
81,660cf7b489f370722921a0ba,ab05ae52-8a84-5049-aed2-13493bf18793,-,-,0,update,"endTime,duration,route",OperationInProgress,TruckLoad,Current Truck LOAD Mission for TRUCK-T572,04-03-2024 06:27,TRUCK-T572,ShovelAgent-SHOVEL-S11,04-03-2024 06:27,04-03-2024 06:30,00:03:19,LOCATION-GAR6125L,LOCATION-B5900AM1,FALSE,-,04-03-2024 06:31,04-03-2024 06:31,04-04-2024 06:31
82,660cf7b489f370722921a0f9,432a487a-27ac-54f7-afe3-900bc411cecc,-,-,0,update,"endTime,duration,route",OperationInProgress,TruckLoad,Current Truck LOAD Mission for TRUCK-T547,04-03-2024 06:27,TRUCK-T547,ShovelAgent-SHOVEL-S11,04-03-2024 06:27,04-03-2024 06:30,00:03:19,LOCATION-C3MIL,LOCATION-B5900AM1,FALSE,-,04-03-2024 06:31,04-03-2024 06:31,04-04-2024 06:31
83,660cf7b489f370722921a0e4,e11991cc-647f-536d-85dd-1fd29a6043f5,-,-,0,update,"endTime,duration,route",OperationInProgress,TruckLoad,Current Truck LOAD Mission for TRUCK-T558,04-03-2024 06:27,TRUCK-T558,ShovelAgent-SHOVEL-S11,04-03-2024 06:27,04-03-2024 06:30,00:03:19,LOCATION-C3MIL,LOCATION-B5900AM1,FALSE,-,04-03-2024 06:31,04-03-2024 06:31,04-04-2024 06:31
84,660cf7b489f370722921a0f3,46e35872-3ea0-5c5a-9c81-2bac9c1f6c8f,-,-,0,update,"endTime,duration,route",OperationInProgress,TruckLoad,Current Truck LOAD Mission for TRUCK-T551,04-03-2024 06:27,TRUCK-T551,ShovelAgent-SHOVEL-S11,04-03-2024 06:27,04-03-2024 06:30,00:03:19,LOCATION-CUP6460L,LOCATION-B5900AM1,FALSE,-,04-03-2024 06:31,04-03-2024 06:31,04-04-2024 06:31
85,660cf7b489f370722921a075,fd7464a4-a11d-5fff-98bf-c97d24d2ba61,-,-,0,update,"endTime,duration,route",OperationInProgress,TruckLoad,Current Truck LOAD Mission for TRUCK-T598,04-03-2024 06:27,TRUCK-T598,ShovelAgent-SHOVEL-S11,04-03-2024 06:27,04-03-2024 06:30,00:03:19,LOCATION-PCR6375E,LOCATION-B5900AM1,FALSE,-,04-03-2024 06:31,04-03-2024 06:31,04-04-2024 06:31
86,660cf7b489f370722921a093,67d7b19d-01ba-54ef-be0b-869f106177e4,-,-,0,update,"endTime,duration,route",OperationInProgress,TruckLoad,Current Truck LOAD Mission for TRUCK-T587,04-03-2024 06:27,TRUCK-T587,ShovelAgent-SHOVEL-S11,04-03-2024 06:27,04-03-2024 06:30,00:03:19,LOCATION-AMMOPROJ,LOCATION-B5900AM1,FALSE,-,04-03-2024 06:31,04-03-2024 06:31,04-04-2024 06:31
87,660cf7b489f370722921a0d2,febc05bc-bf2d-5026-9204-46b0c5c05a6c,-,-,0,update,"endTime,duration,route",OperationInProgress,TruckLoad,Current Truck LOAD Mission for TRUCK-T564,04-03-2024 06:27,TRUCK-T564,ShovelAgent-SHOVEL-S11,04-03-2024 06:27,04-03-2024 06:30,00:03:19,LOCATION-SUN5300L4,LOCATION-B5900AM1,FALSE,-,04-03-2024 06:31,04-03-2024 06:31,04-04-2024 06:31
88,660cf7b489f370722921a0b4,893b880a-fe66-562e-b03b-bb4cbdfb12f8,-,-,0,update,"endTime,duration,route",OperationInProgress,TruckLoad,Current Truck LOAD Mission for TRUCK-T574,04-03-2024 06:27,TRUCK-T574,ShovelAgent-SHOVEL-S11,04-03-2024 06:27,04-03-2024 06:30,00:03:19,LOCATION-PCR6375E,LOCATION-B5900AM1,FALSE,-,04-03-2024 06:31,04-03-2024 06:31,04-04-2024 06:31
89,660cf7b489f370722921a0d5,a9727d1e-71ca-5406-ab7e-459860289f52,-,-,0,update,"endTime,duration,route",OperationInProgress,TruckLoad,Current Truck LOAD Mission for TRUCK-T563,04-03-2024 06:27,TRUCK-T563,ShovelAgent-SHOVEL-S11,04-03-2024 06:27,04-03-2024 06:30,00:03:19,LOCATION-HSC5300H,LOCATION-B5900AM1,FALSE,-,04-03-2024 06:31,04-03-2024 06:31,04-04-2024 06:31
90,660cf7b489f370722921a0bd,9d87fae5-7b42-59d3-87e5-a5d20f7d8797,-,-,0,update,"endTime,duration,route",OperationInProgress,TruckLoad,Current Truck LOAD Mission for TRUCK-T571,04-03-2024 06:27,TRUCK-T571,ShovelAgent-SHOVEL-S11,04-03-2024 06:27,04-03-2024 06:30,00:03:19,LOCATION-HSC5300H,LOCATION-B5900AM1,FALSE,-,04-03-2024 06:31,04-03-2024 06:31,04-04-2024 06:31
91,660cf7b489f370722921a090,6d003ba2-59f7-5da0-a3db-4af802994da2,-,-,0,update,"endTime,duration,route",OperationInProgress,TruckLoad,Current Truck LOAD Mission for TRUCK-T588,04-03-2024 06:27,TRUCK-T588,ShovelAgent-SHOVEL-S11,04-03-2024 06:27,04-03-2024 06:30,00:03:19,LOCATION-CUP6460L,LOCATION-B5900AM1,FALSE,-,04-03-2024 06:31,04-03-2024 06:31,04-04-2024 06:31
92,660cf7b489f370722921a0c0,145a92ce-54f7-58d4-8705-ebbcca77826f,-,-,0,update,"endTime,duration,route",OperationInProgress,TruckLoad,Current Truck LOAD Mission for TRUCK-T570,04-03-2024 06:27,TRUCK-T570,ShovelAgent-SHOVEL-S11,04-03-2024 06:27,04-03-2024 06:30,00:03:19,LOCATION-C3MIL,LOCATION-B5900AM1,FALSE,-,04-03-2024 06:31,04-03-2024 06:31,04-04-2024 06:31
93,660cf7b489f370722921a099,73983364-fbd0-50de-bd22-5bc16ca77355,-,-,0,update,"endTime,duration,route",OperationInProgress,TruckLoad,Current Truck LOAD Mission for TRUCK-T504,04-03-2024 06:27,TRUCK-T504,ShovelAgent-SHOVEL-S11,04-03-2024 06:27,04-03-2024 06:30,00:03:19,LOCATION-HSC5300H,LOCATION-B5900AM1,FALSE,-,04-03-2024 06:31,04-03-2024 06:31,04-04-2024 06:31
94,660cf7b489f370722921a0cc,49519d7b-e0f2-50c1-910e-10bf396641b5,-,-,0,update,"endTime,duration,route",OperationInProgress,TruckLoad,Current Truck LOAD Mission for TRUCK-T566,04-03-2024 06:27,TRUCK-T566,ShovelAgent-SHOVEL-S11,04-03-2024 06:27,04-03-2024 06:30,00:03:19,LOCATION-SUN5300L4,LOCATION-B5900AM1,FALSE,-,04-03-2024 06:31,04-03-2024 06:31,04-04-2024 06:31
95,660cf7b489f370722921a0a2,bdaff67e-c5e6-53db-a2d5-8da91e924358,-,-,0,update,"endTime,duration,route",OperationInProgress,TruckLoad,Current Truck LOAD Mission for TRUCK-T580,04-03-2024 06:27,TRUCK-T580,ShovelAgent-SHOVEL-S11,04-03-2024 06:27,04-03-2024 06:30,00:03:19,LOCATION-PCR6375E,LOCATION-B5900AM1,FALSE,-,04-03-2024 06:31,04-03-2024 06:31,04-04-2024 06:31
96,660cf7b489f370722921a09c,a28731d3-2aec-5312-b8a8-0f7b4685f4d0,-,-,0,update,"endTime,duration,route",OperationInProgress,TruckLoad,Current Truck LOAD Mission for TRUCK-T582,04-03-2024 06:27,TRUCK-T582,ShovelAgent-SHOVEL-S11,04-03-2024 06:27,04-03-2024 06:30,00:03:19,LOCATION-4500PROJ,LOCATION-B5900AM1,FALSE,-,04-03-2024 06:31,04-03-2024 06:31,04-04-2024 06:31
97,660cf7b589f370722921a11d,98702127-16c5-596a-8268-ceb9d9f11a3e,-,-,0,update,"endTime,duration,route",OperationInProgress,TruckLoad,Current Truck LOAD Mission for TRUCK-T533,04-03-2024 06:27,TRUCK-T533,ShovelAgent-SHOVEL-S11,04-03-2024 06:27,04-03-2024 06:30,00:03:19,LOCATION-859-MILL,LOCATION-B5900AM1,FALSE,-,04-03-2024 06:31,04-03-2024 06:31,04-04-2024 06:31
98,660cf7b589f370722921a126,df230805-84d5-5418-85b9-b7e559bb2ca3,-,-,0,update,"endTime,duration,route",OperationInProgress,TruckLoad,Current Truck LOAD Mission for TRUCK-T531,04-03-2024 06:27,TRUCK-T531,ShovelAgent-SHOVEL-S11,04-03-2024 06:27,04-03-2024 06:30,00:03:19,LOCATION-4500PROJ,LOCATION-B5900AM1,FALSE,-,04-03-2024 06:31,04-03-2024 06:31,04-04-2024 06:31
99,660cf7b589f370722921a150,7f489d45-6c43-5a06-a3ce-d5242a9b27bc,-,-,0,update,"endTime,duration,route",OperationInProgress,TruckLoad,Current Truck LOAD Mission for TRUCK-T510,04-03-2024 06:27,TRUCK-T510,ShovelAgent-SHOVEL-S11,04-03-2024 06:27,04-03-2024 06:30,00:03:19,LOCATION-SLV5040H,LOCATION-B5900AM1,FALSE,-,04-03-2024 06:31,04-03-2024 06:31,04-04-2024 06:31
100,660cf7b589f370722921a15f,f25e0d93-245f-506d-b94c-af1907a00c6f,-,-,0,update,"endTime,duration,route",OperationInProgress,TruckLoad,Current Truck LOAD Mission for TRUCK-T548,04-03-2024 06:22,TRUCK-T548,ShovelAgent-SHOVEL-S40,04-03-2024 06:22,04-03-2024 06:38,00:15:54,LOCATION-859-MILL,LOCATION-B3100WT1,FALSE,-,04-03-2024 06:31,04-03-2024 06:31,04-04-2024 06:31
101,660cf7b589f370722921a162,ced72dcb-a904-5691-aec4-e210e07bdfd9,-,-,0,update,"endTime,duration,route",OperationInProgress,TruckLoad,Current Truck LOAD Mission for TRUCK-T647,04-03-2024 06:25,TRUCK-T647,ShovelAgent-SHOVEL-S40,04-03-2024 06:25,04-03-2024 06:44,00:19:24,LOCATION-AMTPROJ,LOCATION-B3100WT1,FALSE,-,04-03-2024 06:31,04-03-2024 06:31,04-04-2024 06:31
102,660cf7b589f370722921a102,d1f3de31-8585-55c9-99dc-6ea157cfdfe2,-,-,0,update,"endTime,duration,route",OperationInProgress,TruckLoad,Current Truck LOAD Mission for TRUCK-T544,04-03-2024 06:27,TRUCK-T544,ShovelAgent-SHOVEL-S11,04-03-2024 06:27,04-03-2024 06:30,00:03:19,LOCATION-4500PROJ,LOCATION-B5900AM1,FALSE,-,04-03-2024 06:31,04-03-2024 06:31,04-04-2024 06:31
103,660cf7b589f370722921a14d,4810e995-d1c1-5ac0-8a78-388c0a2b36b1,-,-,0,update,"endTime,duration,route",OperationInProgress,TruckLoad,Current Truck LOAD Mission for TRUCK-T513,04-03-2024 06:27,TRUCK-T513,ShovelAgent-SHOVEL-S11,04-03-2024 06:27,04-03-2024 06:30,00:03:19,LOCATION-AMMOPROJ,LOCATION-B5900AM1,FALSE,-,04-03-2024 06:31,04-03-2024 06:31,04-04-2024 06:31
104,660cf7b589f370722921a10e,c07b2b6a-2f7c-564e-82b2-a50363e75d90,-,-,0,update,"endTime,duration,route",OperationInProgress,TruckLoad,Current Truck LOAD Mission for TRUCK-T538,04-03-2024 06:27,TRUCK-T538,ShovelAgent-SHOVEL-S11,04-03-2024 06:27,04-03-2024 06:30,00:03:19,LOCATION-PCR6375E,LOCATION-B5900AM1,FALSE,-,04-03-2024 06:31,04-03-2024 06:31,04-04-2024 06:31
105,660cf7b589f370722921a153,30cbf337-93ee-5fba-b878-c036ce8f50bd,-,-,0,update,"endTime,duration,route",OperationInProgress,TruckLoad,Current Truck LOAD Mission for TRUCK-T508,04-03-2024 06:27,TRUCK-T508,ShovelAgent-SHOVEL-S11,04-03-2024 06:27,04-03-2024 06:30,00:03:19,LOCATION-4500PROJ,LOCATION-B5900AM1,FALSE,-,04-03-2024 06:31,04-03-2024 06:31,04-04-2024 06:31
106,660cf7b589f370722921a114,504757e2-61f7-5c99-be75-522124b661ae,-,-,0,update,"endTime,duration,route",OperationInProgress,TruckLoad,Current Truck LOAD Mission for TRUCK-T536,04-03-2024 06:27,TRUCK-T536,ShovelAgent-SHOVEL-S11,04-03-2024 06:27,04-03-2024 06:30,00:03:19,LOCATION-AMMOPROJ,LOCATION-B5900AM1,FALSE,-,04-03-2024 06:31,04-03-2024 06:31,04-04-2024 06:31
107,660cf7b589f370722921a129,3cee00b6-205c-5b0f-9460-d450673885ff,-,-,0,update,"endTime,duration,route",OperationInProgress,TruckLoad,Current Truck LOAD Mission for TRUCK-T528,04-03-2024 06:27,TRUCK-T528,ShovelAgent-SHOVEL-S11,04-03-2024 06:27,04-03-2024 06:30,00:03:19,LOCATION-C3MIL,LOCATION-B5900AM1,FALSE,-,04-03-2024 06:31,04-03-2024 06:31,04-04-2024 06:31
108,660cf7b589f370722921a147,65a0b9f2-a1d9-5c23-ac99-6cf4eaea479f,-,-,0,update,"endTime,duration,route",OperationInProgress,TruckLoad,Current Truck LOAD Mission for TRUCK-T502,04-03-2024 06:27,TRUCK-T502,ShovelAgent-SHOVEL-S11,04-03-2024 06:27,04-03-2024 06:30,00:03:19,LOCATION-AMTPROJ,LOCATION-B5900AM1,FALSE,-,04-03-2024 06:31,04-03-2024 06:31,04-04-2024 06:31
109,660cf7b589f370722921a120,35900283-cd3d-5878-9078-c1fdb925e785,-,-,0,update,"endTime,duration,route",OperationInProgress,TruckLoad,Current Truck LOAD Mission for TRUCK-T532,04-03-2024 06:27,TRUCK-T532,ShovelAgent-SHOVEL-S11,04-03-2024 06:27,04-03-2024 06:30,00:03:19,LOCATION-HSC5300H,LOCATION-B5900AM1,FALSE,-,04-03-2024 06:31,04-03-2024 06:31,04-04-2024 06:31
110,660cf7b589f370722921a14a,98ef5fdd-3096-5dff-9b5f-b3b78b4fffb6,-,-,0,update,"endTime,duration,route",OperationInProgress,TruckLoad,Current Truck LOAD Mission for TRUCK-T514,04-03-2024 06:27,TRUCK-T514,ShovelAgent-SHOVEL-S11,04-03-2024 06:27,04-03-2024 06:30,00:03:19,LOCATION-PCR6375E,LOCATION-B5900AM1,FALSE,-,04-03-2024 06:31,04-03-2024 06:31,04-04-2024 06:31
111,660cf7b589f370722921a11a,f5108467-932b-5ee0-a61f-48abd4d7ae63,-,-,0,update,"endTime,duration,route",OperationInProgress,TruckLoad,Current Truck LOAD Mission for TRUCK-T534,04-03-2024 06:27,TRUCK-T534,ShovelAgent-SHOVEL-S11,04-03-2024 06:27,04-03-2024 06:30,00:03:19,LOCATION-SUN5300L4,LOCATION-B5900AM1,FALSE,-,04-03-2024 06:31,04-03-2024 06:31,04-04-2024 06:31
112,660cf7b589f370722921a141,59c93b9d-6612-5126-8276-dff54c8b40ae,-,-,0,update,"endTime,duration,route",OperationInProgress,TruckLoad,Current Truck LOAD Mission for TRUCK-T518,04-03-2024 06:27,TRUCK-T518,ShovelAgent-SHOVEL-S11,04-03-2024 06:27,04-03-2024 06:30,00:03:19,LOCATION-C3MIL,LOCATION-B5900AM1,FALSE,-,04-03-2024 06:31,04-03-2024 06:31,04-04-2024 06:31
113,660cf7b589f370722921a111,372249a0-ce7f-51b7-8ea8-3fe61d5f6434,-,-,0,update,"endTime,duration,route",OperationInProgress,TruckLoad,Current Truck LOAD Mission for TRUCK-T537,04-03-2024 06:27,TRUCK-T537,ShovelAgent-SHOVEL-S11,04-03-2024 06:27,04-03-2024 06:30,00:03:19,LOCATION-4500PROJ,LOCATION-B5900AM1,FALSE,-,04-03-2024 06:31,04-03-2024 06:31,04-04-2024 06:31
114,660cf7b589f370722921a10b,279bd667-7d00-553f-9aae-9ccef588d02c,-,-,0,update,"endTime,duration,route",OperationInProgress,TruckLoad,Current Truck LOAD Mission for TRUCK-T540,04-03-2024 06:27,TRUCK-T540,ShovelAgent-SHOVEL-S11,04-03-2024 06:27,04-03-2024 06:30,00:03:19,LOCATION-859-MILL,LOCATION-B5900AM1,FALSE,-,04-03-2024 06:31,04-03-2024 06:31,04-04-2024 06:31
115,660cf7b489f370722921a0ff,061e7384-3749-511a-9790-ea80d7c0e288,-,-,0,update,"endTime,duration,route",OperationInProgress,TruckLoad,Current Truck LOAD Mission for TRUCK-T545,04-03-2024 06:27,TRUCK-T545,ShovelAgent-SHOVEL-S11,04-03-2024 06:27,04-03-2024 06:30,00:03:19,LOCATION-SUN5300L4,LOCATION-B5900AM1,FALSE,-,04-03-2024 06:31,04-03-2024 06:31,04-04-2024 06:31
116,660cf7b589f370722921a105,bc3a85ca-4966-523d-96fe-7a0b0c3eee35,-,-,0,update,"endTime,duration,route",OperationInProgress,TruckLoad,Current Truck LOAD Mission for TRUCK-T543,04-03-2024 06:27,TRUCK-T543,ShovelAgent-SHOVEL-S11,04-03-2024 06:27,04-03-2024 06:30,00:03:19,LOCATION-AMMOPROJ,LOCATION-B5900AM1,FALSE,-,04-03-2024 06:31,04-03-2024 06:31,04-04-2024 06:31
117,660cf7b589f370722921a12c,6fb1c1b8-7a85-515d-a305-40e4e7616520,-,-,0,update,"endTime,duration,route",OperationInProgress,TruckLoad,Current Truck LOAD Mission for TRUCK-T505,04-03-2024 06:27,TRUCK-T505,ShovelAgent-SHOVEL-S11,04-03-2024 06:27,04-03-2024 06:30,00:03:19,LOCATION-PCR6375E,LOCATION-B5900AM1,FALSE,-,04-03-2024 06:31,04-03-2024 06:31,04-04-2024 06:31
118,660cf7b589f370722921a156,b5b1d395-c193-58e8-9509-018092fe8d44,-,-,0,update,"endTime,duration,route",OperationInProgress,TruckLoad,Current Truck LOAD Mission for TRUCK-T801,04-03-2024 06:27,TRUCK-T801,ShovelAgent-SHOVEL-S11,04-03-2024 06:27,04-03-2024 06:30,00:03:19,LOCATION-CUP6460L,LOCATION-B5900AM1,FALSE,-,04-03-2024 06:31,04-03-2024 06:31,04-04-2024 06:31
119,660cf7b589f370722921a132,a4e43a67-f784-5caa-ba76-bd5996b03089,-,-,0,update,"endTime,duration,route",OperationInProgress,TruckLoad,Current Truck LOAD Mission for TRUCK-T524,04-03-2024 06:27,TRUCK-T524,ShovelAgent-SHOVEL-S11,04-03-2024 06:27,04-03-2024 06:30,00:03:19,LOCATION-HSC5300H,LOCATION-B5900AM1,FALSE,-,04-03-2024 06:31,04-03-2024 06:31,04-04-2024 06:31
120,660cf7b589f370722921a117,9ac2690a-6c8c-5c7a-bacf-25f2759d875e,-,-,0,update,"endTime,duration,route",OperationInProgress,TruckLoad,Current Truck LOAD Mission for TRUCK-T535,04-03-2024 06:27,TRUCK-T535,ShovelAgent-SHOVEL-S11,04-03-2024 06:27,04-03-2024 06:30,00:03:19,LOCATION-859-MILL,LOCATION-B5900AM1,FALSE,-,04-03-2024 06:31,04-03-2024 06:31,04-04-2024 06:31
121,660cf7b589f370722921a123,312a3131-a8e7-5baf-96f9-46bfabac7efe,-,-,0,update,"endTime,duration,route",OperationInProgress,TruckLoad,Current Truck LOAD Mission for TRUCK-T603,04-03-2024 06:27,TRUCK-T603,ShovelAgent-SHOVEL-S11,04-03-2024 06:27,04-03-2024 06:30,00:03:19,LOCATION-CUP6460L,LOCATION-B5900AM1,FALSE,-,04-03-2024 06:31,04-03-2024 06:31,04-04-2024 06:31
122,660cf7b589f370722921a12f,428b1931-daa0-58e4-b5e7-61630fbb8ed0,-,-,0,update,"endTime,duration,route",OperationInProgress,TruckLoad,Current Truck LOAD Mission for TRUCK-T525,04-03-2024 06:27,TRUCK-T525,ShovelAgent-SHOVEL-S11,04-03-2024 06:27,04-03-2024 06:30,00:03:19,LOCATION-PCR6375E,LOCATION-B5900AM1,FALSE,-,04-03-2024 06:31,04-03-2024 06:31,04-04-2024 06:31
123,660cf7b589f370722921a13b,43371665-f418-5106-a4df-f48828e7bc72,-,-,0,update,"endTime,duration,route",OperationInProgress,TruckLoad,Current Truck LOAD Mission for TRUCK-T520,04-03-2024 06:27,TRUCK-T520,ShovelAgent-SHOVEL-S11,04-03-2024 06:27,04-03-2024 06:30,00:03:19,LOCATION-C2MFL,LOCATION-B5900AM1,FALSE,-,04-03-2024 06:31,04-03-2024 06:31,04-04-2024 06:31
124,660cf7b589f370722921a144,22c723d0-6f62-53c2-bbc1-35dce1a57bb9,-,-,0,update,"endTime,duration,route",OperationInProgress,TruckLoad,Current Truck LOAD Mission for TRUCK-T807,04-03-2024 06:27,TRUCK-T807,ShovelAgent-SHOVEL-S11,04-03-2024 06:27,04-03-2024 06:30,00:03:19,LOCATION-CUP6460L,LOCATION-B5900AM1,FALSE,-,04-03-2024 06:31,04-03-2024 06:31,04-04-2024 06:31
125,660cf7b589f370722921a15c,b725d55b-323b-561e-b67a-be514a94d264,-,-,0,update,"endTime,duration,route",OperationInProgress,TruckLoad,Current Truck LOAD Mission for TRUCK-T805,04-03-2024 06:27,TRUCK-T805,ShovelAgent-SHOVEL-S11,04-03-2024 06:27,04-03-2024 06:30,00:03:19,LOCATION-PCR6375E,LOCATION-B5900AM1,FALSE,-,04-03-2024 06:31,04-03-2024 06:31,04-04-2024 06:31
126,660cf7b589f370722921a108,b422fdc2-dbd4-5747-8aaa-1291a164153a,-,-,0,update,"endTime,duration,route",OperationInProgress,TruckLoad,Current Truck LOAD Mission for TRUCK-T542,04-03-2024 06:27,TRUCK-T542,ShovelAgent-SHOVEL-S11,04-03-2024 06:27,04-03-2024 06:30,00:03:19,LOCATION-CUP6460L,LOCATION-B5900AM1,FALSE,-,04-03-2024 06:31,04-03-2024 06:31,04-04-2024 06:31
127,660cf7b589f370722921a138,b289172c-2bcd-53a9-80d0-0915db3d3bf8,-,-,0,update,"endTime,duration,route",OperationInProgress,TruckLoad,Current Truck LOAD Mission for TRUCK-T521,04-03-2024 06:27,TRUCK-T521,ShovelAgent-SHOVEL-S11,04-03-2024 06:27,04-03-2024 06:30,00:03:19,LOCATION-PCR6375E,LOCATION-B5900AM1,FALSE,-,04-03-2024 06:31,04-03-2024 06:31,04-04-2024 06:31
128,660cf7b589f370722921a135,46342a96-9130-5f1f-b83c-b84da88e7e88,-,-,0,update,"endTime,duration,route",OperationInProgress,TruckLoad,Current Truck LOAD Mission for TRUCK-T806,04-03-2024 06:27,TRUCK-T806,ShovelAgent-SHOVEL-S11,04-03-2024 06:27,04-03-2024 06:30,00:03:19,LOCATION-PCR6375E,LOCATION-B5900AM1,FALSE,-,04-03-2024 06:31,04-03-2024 06:31,04-04-2024 06:31
129,660cf7b589f370722921a13e,70d6438a-bf2f-57c2-beec-1e907b94ea0b,-,-,0,update,"endTime,duration,route",OperationInProgress,TruckLoad,Current Truck LOAD Mission for TRUCK-T519,04-03-2024 06:27,TRUCK-T519,ShovelAgent-SHOVEL-S11,04-03-2024 06:27,04-03-2024 06:30,00:03:19,LOCATION-SUN5300L4,LOCATION-B5900AM1,FALSE,-,04-03-2024 06:31,04-03-2024 06:31,04-04-2024 06:31
130,660cf7b589f370722921a159,67f2c468-79b4-5d71-b1b8-32419f85b485,-,-,0,update,"endTime,duration,route",OperationInProgress,TruckLoad,Current Truck LOAD Mission for TRUCK-T802,04-03-2024 06:27,TRUCK-T802,ShovelAgent-SHOVEL-S11,04-03-2024 06:27,04-03-2024 06:30,00:03:19,LOCATION-SUN5300L4,LOCATION-B5900AM1,FALSE,-,04-03-2024 06:31,04-03-2024 06:31,04-04-2024 06:31
131,660cf7b889f370722921a1e4,40ceb233-a8aa-de26-f038-99cbd98f1a90,-,-,1,update,"operationStatus,revisionNumber",Scheduled,TruckDump,LAO_TruckAgent-T562-TruckDump-1712125848,04-03-2024 06:31,TRUCK-T562,CrusherAgent-CRUSHER-C3MIL,04-03-2024 06:30,04-03-2024 08:34,02:03:35,LOCATION-B5900AM1,LOCATION-C3MIL,FALSE,-,04-03-2024 06:31,04-03-2024 06:31,04-04-2024 06:31
132,660cf7b889f370722921a1e0,a66133a3-9fe9-c64b-cf3e-10960b508608,-,-,1,update,"operationStatus,revisionNumber",Scheduled,TruckDump,LAO_TruckAgent-T563-TruckDump-1712125848,04-03-2024 06:31,TRUCK-T563,CrusherAgent-CRUSHER-C3MIL,04-03-2024 06:30,04-03-2024 08:39,02:08:35,LOCATION-B5900AM1,LOCATION-C3MIL,FALSE,-,04-03-2024 06:31,04-03-2024 06:31,04-04-2024 06:31
133,660cf7b889f370722921a1e8,e4740556-d386-4c1a-4d6b-90a8a70ccbde,-,-,1,update,"operationStatus,revisionNumber",Scheduled,TruckDump,LAO_TruckAgent-T554-TruckDump-1712125848,04-03-2024 06:31,TRUCK-T554,CrusherAgent-CRUSHER-C3MIL,04-03-2024 06:30,04-03-2024 08:19,01:48:35,LOCATION-B5900AM1,LOCATION-C3MIL,FALSE,-,04-03-2024 06:31,04-03-2024 06:31,04-04-2024 06:31
134,660cf7b889f370722921a1e6,9e425190-e1fb-9630-df2b-a0760fa380ae,-,-,1,update,"operationStatus,revisionNumber",Scheduled,TruckDump,LAO_TruckAgent-T560-TruckDump-1712125848,04-03-2024 06:31,TRUCK-T560,CrusherAgent-CRUSHER-C3MIL,04-03-2024 06:30,04-03-2024 08:29,01:58:35,LOCATION-B5900AM1,LOCATION-C3MIL,FALSE,-,04-03-2024 06:31,04-03-2024 06:31,04-04-2024 06:31
135,660cf7b889f370722921a1e2,030825ac-582d-73cb-3645-bb8119061482,-,-,1,update,"operationStatus,revisionNumber",Scheduled,TruckDump,LAO_TruckAgent-T561-TruckDump-1712125833,04-03-2024 06:31,TRUCK-T561,CrusherAgent-CRUSHER-C3MIL,04-03-2024 06:30,04-03-2024 08:29,01:58:50,LOCATION-B5900AM1,LOCATION-C3MIL,FALSE,-,04-03-2024 06:31,04-03-2024 06:31,04-04-2024 06:31
136,660cf7b989f370722921a1ec,967af079-5572-61d5-a36e-3067bd7a54f7,-,-,1,update,"operationStatus,revisionNumber",Scheduled,TruckDump,LAO_TruckAgent-T551-TruckDump-1712125848,04-03-2024 06:31,TRUCK-T551,CrusherAgent-CRUSHER-C3MIL,04-03-2024 06:30,04-03-2024 08:14,01:43:35,LOCATION-B5900AM1,LOCATION-C3MIL,FALSE,-,04-03-2024 06:31,04-03-2024 06:31,04-04-2024 06:31
137,660cf7b989f370722921a1f6,b5eaa9f1-ad94-3868-c1c2-79247b9bb244,-,-,1,update,"operationStatus,revisionNumber",Scheduled,TruckDump,LAO_TruckAgent-T500-TruckDump-1712125805,04-03-2024 06:31,TRUCK-T500,CrusherAgent-CRUSHER-C3MIL,04-03-2024 06:30,04-03-2024 06:59,00:29:18,LOCATION-B5900AM1,LOCATION-C3MIL,FALSE,-,04-03-2024 06:31,04-03-2024 06:31,04-04-2024 06:31
138,660cf7b989f370722921a1fa,3a5f5fb5-1a9a-bb8b-affe-dca6a6303d1d,-,-,1,update,"operationStatus,revisionNumber",Scheduled,TruckDump,LAO_TruckAgent-T508-TruckDump-1712125848,04-03-2024 06:31,TRUCK-T508,CrusherAgent-CRUSHER-C3MIL,04-03-2024 06:30,04-03-2024 07:09,00:38:35,LOCATION-B5900AM1,LOCATION-C3MIL,FALSE,-,04-03-2024 06:31,04-03-2024 06:31,04-04-2024 06:31
139,660cf7b989f370722921a1f0,2dacea8b-f819-a90c-94d5-febdcbf55095,-,-,1,update,"operationStatus,revisionNumber",Scheduled,TruckDump,LAO_TruckAgent-T559-TruckDump-1712125783,04-03-2024 06:31,TRUCK-T559,CrusherAgent-CRUSHER-C3MIL,04-03-2024 06:29,04-03-2024 06:32,00:02:48,LOCATION-859-MILL,LOCATION-C3MIL,FALSE,-,04-03-2024 06:31,04-03-2024 06:31,04-04-2024 06:31
140,660cf7b989f370722921a1ea,74c26297-7911-b839-413a-4891b06d5de4,-,-,1,update,"operationStatus,revisionNumber",Scheduled,TruckDump,LAO_TruckAgent-T555-TruckDump-1712125848,04-03-2024 06:31,TRUCK-T555,CrusherAgent-CRUSHER-C3MIL,04-03-2024 06:30,04-03-2024 08:19,01:48:35,LOCATION-B5900AM1,LOCATION-C3MIL,FALSE,-,04-03-2024 06:31,04-03-2024 06:31,04-04-2024 06:31
141,660cf7b989f370722921a1f8,6ee76af6-d8ae-55f8-b841-558637f9663c,-,-,1,update,"operationStatus,revisionNumber",Scheduled,TruckDump,LAO_TruckAgent-T507-TruckDump-1712125848,04-03-2024 06:31,TRUCK-T507,CrusherAgent-CRUSHER-C3MIL,04-03-2024 06:30,04-03-2024 07:09,00:38:35,LOCATION-B5900AM1,LOCATION-C3MIL,FALSE,-,04-03-2024 06:31,04-03-2024 06:31,04-04-2024 06:31
142,660cf7b989f370722921a1f2,9b4ac7a5-a1e2-8b54-333a-2b74c3ad7889,-,-,1,update,"operationStatus,revisionNumber",Scheduled,TruckDump,LAO_TruckAgent-T556-TruckDump-1712125848,04-03-2024 06:31,TRUCK-T556,CrusherAgent-CRUSHER-C3MIL,04-03-2024 06:30,04-03-2024 08:24,01:53:35,LOCATION-B5900AM1,LOCATION-C3MIL,FALSE,-,04-03-2024 06:31,04-03-2024 06:31,04-04-2024 06:31
143,660cf7b989f370722921a1f4,9944e758-cca1-263f-bdcb-dff2085aeb22,-,-,1,update,"operationStatus,revisionNumber",Scheduled,TruckDump,LAO_TruckAgent-T557-TruckDump-1712125848,04-03-2024 06:31,TRUCK-T557,CrusherAgent-CRUSHER-C3MIL,04-03-2024 06:30,04-03-2024 08:24,01:53:35,LOCATION-B5900AM1,LOCATION-C3MIL,FALSE,-,04-03-2024 06:31,04-03-2024 06:31,04-04-2024 06:31
144,660cf7b989f370722921a1ee,90ee6db4-9bd6-2e0e-73fa-43caaad6f00d,-,-,1,update,"operationStatus,revisionNumber",Scheduled,TruckDump,LAO_TruckAgent-T558-TruckDump-1712125848,04-03-2024 06:31,TRUCK-T558,CrusherAgent-CRUSHER-C3MIL,04-03-2024 06:30,04-03-2024 08:29,01:58:35,LOCATION-B5900AM1,LOCATION-C3MIL,FALSE,-,04-03-2024 06:31,04-03-2024 06:31,04-04-2024 06:31
145,660cf7ba89f370722921a208,32b7bb1f-15ea-dd66-79f3-aa708a690a32,-,-,1,update,"operationStatus,revisionNumber",Scheduled,TruckDump,LAO_TruckAgent-T529-TruckDump-1712125848,04-03-2024 06:31,TRUCK-T529,CrusherAgent-CRUSHER-C3MIL,04-03-2024 06:30,04-03-2024 07:44,01:13:35,LOCATION-B5900AM1,LOCATION-C3MIL,FALSE,-,04-03-2024 06:31,04-03-2024 06:31,04-04-2024 06:31
146,660cf7ba89f370722921a202,b1ddcaba-5e77-8680-278c-c921906cb76c,-,-,1,update,"operationStatus,revisionNumber",Scheduled,TruckDump,LAO_TruckAgent-T502-TruckDump-1712125848,04-03-2024 06:31,TRUCK-T502,CrusherAgent-CRUSHER-C3MIL,04-03-2024 06:30,04-03-2024 07:04,00:33:35,LOCATION-B5900AM1,LOCATION-C3MIL,FALSE,-,04-03-2024 06:31,04-03-2024 06:31,04-04-2024 06:31
147,660cf7ba89f370722921a1fe,93f4f943-c911-6b02-6b3d-7535c5043cef,-,-,1,update,"operationStatus,revisionNumber",Scheduled,TruckDump,LAO_TruckAgent-T504-TruckDump-1712125848,04-03-2024 06:31,TRUCK-T504,CrusherAgent-CRUSHER-C3MIL,04-03-2024 06:30,04-03-2024 07:04,00:33:35,LOCATION-B5900AM1,LOCATION-C3MIL,FALSE,-,04-03-2024 06:31,04-03-2024 06:31,04-04-2024 06:31
148,660cf7ba89f370722921a204,7ae36281-bdae-e0f4-03d1-2ad7908e767a,-,-,1,update,"operationStatus,revisionNumber",Scheduled,TruckDump,LAO_TruckAgent-T521-TruckDump-1712125848,04-03-2024 06:31,TRUCK-T521,CrusherAgent-CRUSHER-C3MIL,04-03-2024 06:30,04-03-2024 07:29,00:58:35,LOCATION-B5900AM1,LOCATION-C3MIL,FALSE,-,04-03-2024 06:31,04-03-2024 06:31,04-04-2024 06:31
149,660cf7ba89f370722921a200,1bc779b5-2228-894e-0f78-9f2d846c5782,-,-,1,update,"operationStatus,revisionNumber",Scheduled,TruckDump,LAO_TruckAgent-T501-TruckDump-1712125833,04-03-2024 06:31,TRUCK-T501,CrusherAgent-CRUSHER-C3MIL,04-03-2024 06:30,04-03-2024 06:59,00:28:50,LOCATION-B5900AM1,LOCATION-C3MIL,FALSE,-,04-03-2024 06:31,04-03-2024 06:31,04-04-2024 06:31
150,660cf7ba89f370722921a206,e3f1b936-af60-16fc-14fa-d2a7dffd4394,-,-,1,update,"operationStatus,revisionNumber",Scheduled,TruckDump,LAO_TruckAgent-T520-TruckDump-1712125848,04-03-2024 06:31,TRUCK-T520,CrusherAgent-CRUSHER-C3MIL,04-03-2024 06:30,04-03-2024 07:29,00:58:35,LOCATION-B5900AM1,LOCATION-C3MIL,FALSE,-,04-03-2024 06:31,04-03-2024 06:31,04-04-2024 06:31
151,660cf7ba89f370722921a20c,68c84d82-ac78-83f9-d9b5-55541e0c4ba2,-,-,1,update,"operationStatus,revisionNumber",Scheduled,TruckDump,LAO_TruckAgent-T525-TruckDump-1712125848,04-03-2024 06:31,TRUCK-T525,CrusherAgent-CRUSHER-C3MIL,04-03-2024 06:30,04-03-2024 07:34,01:03:35,LOCATION-B5900AM1,LOCATION-C3MIL,FALSE,-,04-03-2024 06:31,04-03-2024 06:31,04-04-2024 06:31
152,660cf7ba89f370722921a20a,f9226e6f-23db-da56-23b2-f843cc8ab653,-,-,1,update,"operationStatus,revisionNumber",Scheduled,TruckDump,LAO_TruckAgent-T528-TruckDump-1712125848,04-03-2024 06:31,TRUCK-T528,CrusherAgent-CRUSHER-C3MIL,04-03-2024 06:30,04-03-2024 07:39,01:08:35,LOCATION-B5900AM1,LOCATION-C3MIL,FALSE,-,04-03-2024 06:31,04-03-2024 06:31,04-04-2024 06:31
153,660cf7ba89f370722921a1fc,143aa9e2-8c7f-e7a1-91e4-e99fc6554668,-,-,1,update,"operationStatus,revisionNumber",Scheduled,TruckDump,LAO_TruckAgent-T505-TruckDump-1712125848,04-03-2024 06:31,TRUCK-T505,CrusherAgent-CRUSHER-C3MIL,04-03-2024 06:30,04-03-2024 07:04,00:33:35,LOCATION-B5900AM1,LOCATION-C3MIL,FALSE,-,04-03-2024 06:31,04-03-2024 06:31,04-04-2024 06:31
154,660cf7bb89f370722921a214,37cf6663-bb02-d279-61b9-4526fbb2965f,-,-,1,update,"operationStatus,revisionNumber",Scheduled,TruckDump,LAO_TruckAgent-T524-TruckDump-1712125848,04-03-2024 06:31,TRUCK-T524,CrusherAgent-CRUSHER-C3MIL,04-03-2024 06:30,04-03-2024 07:34,01:03:35,LOCATION-B5900AM1,LOCATION-C3MIL,FALSE,-,04-03-2024 06:31,04-03-2024 06:31,04-04-2024 06:31
155,660cf7bb89f370722921a216,05ca87e4-03fd-4d97-f0dd-5da846407da4,-,-,1,update,"operationStatus,revisionNumber",Scheduled,TruckDump,LAO_TruckAgent-T510-TruckDump-1712125848,04-03-2024 06:31,TRUCK-T510,CrusherAgent-CRUSHER-C3MIL,04-03-2024 06:30,04-03-2024 07:14,00:43:35,LOCATION-B5900AM1,LOCATION-C3MIL,FALSE,-,04-03-2024 06:31,04-03-2024 06:31,04-04-2024 06:31
156,660cf7bb89f370722921a21f,38e6f34c-a81e-0827-0ab5-b2ce0094ae05,-,-,1,update,"operationStatus,revisionNumber",Scheduled,TruckDump,LAO_TruckAgent-T518-TruckDump-1712125848,04-03-2024 06:31,TRUCK-T518,CrusherAgent-CRUSHER-C3MIL,04-03-2024 06:30,04-03-2024 07:24,00:53:35,LOCATION-B5900AM1,LOCATION-C3MIL,FALSE,-,04-03-2024 06:31,04-03-2024 06:31,04-04-2024 06:31
157,660cf7bb89f370722921a210,022bc0dc-3475-8be5-c2f1-93c5b9decdf9,-,-,1,update,"operationStatus,revisionNumber",Scheduled,TruckDump,LAO_TruckAgent-T647-TruckDump-1712126678,04-03-2024 06:31,TRUCK-T647,DumpAgent-DUMP-HSC5300H,04-03-2024 06:44,04-03-2024 07:26,00:41:28,LOCATION-B3100WT1,LOCATION-HSC5300H,FALSE,-,04-03-2024 06:31,04-03-2024 06:31,04-04-2024 06:31
158,660cf7bb89f370722921a20e,16d44b96-ba07-2f3d-0be8-ea9627195d87,-,-,1,update,"operationStatus,revisionNumber",Scheduled,TruckDump,LAO_TruckAgent-T526-TruckDump-1712125848,04-03-2024 06:31,TRUCK-T526,CrusherAgent-CRUSHER-C3MIL,04-03-2024 06:30,04-03-2024 07:39,01:08:35,LOCATION-B5900AM1,LOCATION-C3MIL,FALSE,-,04-03-2024 06:31,04-03-2024 06:31,04-04-2024 06:31
159,660cf7bb89f370722921a212,402416ae-43a5-c5a2-d3ba-59b07827e722,-,-,1,update,"operationStatus,revisionNumber",Scheduled,TruckDump,LAO_TruckAgent-T523-TruckDump-1712125848,04-03-2024 06:31,TRUCK-T523,CrusherAgent-CRUSHER-C3MIL,04-03-2024 06:30,04-03-2024 07:34,01:03:35,LOCATION-B5900AM1,LOCATION-C3MIL,FALSE,-,04-03-2024 06:31,04-03-2024 06:31,04-04-2024 06:31
160,660cf7bb89f370722921a21a,7fa5fd48-f68c-e28a-b664-cf21f6138936,-,-,0,update,"operationStatus,startTime,endTime,route,revisionNumber",OperationInProgress,TruckLoad,LAO_TruckAgent-T592-TruckLoad-1712125783,04-03-2024 06:31,TRUCK-T592,ShovelAgent-SHOVEL-L58,04-03-2024 06:31,04-03-2024 06:55,00:23:37,LOCATION-PCR6375E,LOCATION-859-MILL,FALSE,-,04-03-2024 06:31,04-03-2024 06:31,04-04-2024 06:31
161,660cf7b589f370722921a165,b5eaa9f1-ad94-3868-c1c2-79247b9bb244,08b4d39f-95df-45a9-8fd4-bd76be1590ee,1,2,create,-,Confirmed,TruckDump,LAO_TruckAgent-T500-TruckDump-1712125805,04-03-2024 06:31,TRUCK-T500,CrusherAgent-CRUSHER-C3MIL,04-03-2024 06:30,04-03-2024 06:59,00:29:18,LOCATION-B5900AM1,LOCATION-C3MIL,FALSE,-,04-03-2024 06:31,04-03-2024 06:31,04-04-2024 06:31
162,660cf7b589f370722921a166,7070110f-d42b-821d-690a-8ac45be85d73,08b4d39f-95df-45a9-8fd4-bd76be1590ee,1,3,create,-,Confirmed,TruckLoad,LAO_TruckAgent-T500-TruckLoad-1712127563,04-03-2024 06:31,TRUCK-T500,ShovelAgent-SHOVEL-S42,04-03-2024 06:59,04-03-2024 07:17,00:18:03,LOCATION-C3MIL,LOCATION-B4850AM1,FALSE,-,04-03-2024 06:31,04-03-2024 06:31,04-04-2024 06:31
163,660cf7b689f370722921a1c6,c07145d3-0183-9a21-8174-679ba0dee97c,08b4d39f-95df-45a9-8fd4-bd76be1590ee,1,2,create,-,Confirmed,TruckDump,LAO_TruckAgent-T548-TruckDump-1712126328,04-03-2024 06:31,TRUCK-T548,DumpAgent-DUMP-HSC5300H,04-03-2024 06:38,04-03-2024 07:20,00:41:28,LOCATION-B3100WT1,LOCATION-HSC5300H,FALSE,-,04-03-2024 06:31,04-03-2024 06:31,04-04-2024 06:31
164,660cf7b789f370722921a1c7,b367a17e-9ae0-0f53-0f62-2adff8e424e4,08b4d39f-95df-45a9-8fd4-bd76be1590ee,1,3,create,-,Confirmed,TruckLoad,LAO_TruckAgent-T548-TruckLoad-1712128816,04-03-2024 06:31,TRUCK-T548,ShovelAgent-SHOVEL-S51,04-03-2024 07:20,04-03-2024 07:47,00:27:18,LOCATION-HSC5300H,LOCATION-B5450SH1,FALSE,-,04-03-2024 06:31,04-03-2024 06:31,04-04-2024 06:31
165,660cf7b789f370722921a1dd,022bc0dc-3475-8be5-c2f1-93c5b9decdf9,08b4d39f-95df-45a9-8fd4-bd76be1590ee,1,2,create,-,Confirmed,TruckDump,LAO_TruckAgent-T647-TruckDump-1712126678,04-03-2024 06:31,TRUCK-T647,DumpAgent-DUMP-HSC5300H,04-03-2024 06:44,04-03-2024 07:26,00:41:28,LOCATION-B3100WT1,LOCATION-HSC5300H,FALSE,-,04-03-2024 06:31,04-03-2024 06:31,04-04-2024 06:31
166,660cf7b789f370722921a1de,b702148b-9ecb-57ac-e688-337d4089d04b,08b4d39f-95df-45a9-8fd4-bd76be1590ee,1,3,create,-,Confirmed,TruckLoad,LAO_TruckAgent-T647-TruckLoad-1712129166,04-03-2024 06:31,TRUCK-T647,ShovelAgent-SHOVEL-S41,04-03-2024 07:26,04-03-2024 08:04,00:38:07,LOCATION-HSC5300H,LOCATION-B6050AM1,FALSE,-,04-03-2024 06:31,04-03-2024 06:31,04-04-2024 06:31
167,660cf7b789f370722921a1d8,7fa5fd48-f68c-e28a-b664-cf21f6138936,08b4d39f-95df-45a9-8fd4-bd76be1590ee,1,2,create,-,Confirmed,TruckLoad,LAO_TruckAgent-T592-TruckLoad-1712125783,04-03-2024 06:31,TRUCK-T592,ShovelAgent-SHOVEL-L58,04-03-2024 06:29,04-03-2024 06:53,00:23:37,LOCATION-PCR6375E,LOCATION-859-MILL,FALSE,-,04-03-2024 06:31,04-03-2024 06:31,04-04-2024 06:31
